epoch,steps,cosine_pearson,cosine_spearman,euclidean_pearson,euclidean_spearman,manhattan_pearson,manhattan_spearman,dot_pearson,dot_spearman
0,-1,0.8618693884745845,0.8118400311493047,0.8351332189687579,0.8063563569796949,0.826691912330379,0.7989812839939096,0.8491746904019959,0.8118677436613537
1,-1,0.900534817484337,0.8340379977909487,0.8990297624757223,0.8313862267248523,0.8926360616644615,0.8266213543397529,0.9039961240004859,0.833140795043676
2,-1,0.9096118929455892,0.8347204258977612,0.9045573818808776,0.8291536132573798,0.8968698475507815,0.8239574604727039,0.9122423900863295,0.8346996409723585
3,-1,0.91452525797975,0.8391336916139445,0.9135149261410952,0.8336881225444803,0.9083897583926073,0.8306362489401039,0.9180804498261383,0.838714535264232
4,-1,0.9174181498879649,0.8382590058428504,0.9127288691988329,0.8280970615072626,0.9084188096422254,0.8284538640194262,0.9191435997716779,0.8376683761268571
